ppd_id,filename,size_bytes
9,CA_CA-CALPERS_CAFR_2001_9.pdf.pdf,896655
9,CA_CA-CALPERS_CAFR_2002_9.pdf.pdf,2158791
9,CA_CA-CALPERS_CAFR_2003_9.pdf.pdf,1825139
9,CA_CA-CALPERS_CAFR_2004_9.pdf.pdf,1002644
9,CA_CA-CALPERS_CAFR_2005_9.pdf.pdf,911041
9,CA_CA-CALPERS_CAFR_2006_9.pdf.pdf,840288
9,CA_CA-CALPERS_CAFR_2007_9.pdf.pdf,5236806
9,CA_CA-CALPERS_CAFR_2008_9.pdf.pdf,4811820
9,CA_CA-CALPERS_CAFR_2009_9.pdf.pdf,2684283
9,CA_CA-CALPERS_CAFR_2010_9.pdf.pdf,4843366
9,CA_CA-CALPERS_CAFR_2011_9.pdf.pdf,5813915
9,CA_CA-CALPERS_CAFR_2012_9.pdf.pdf,3457911
9,CA_CA-CALPERS_CAFR_2013_9.pdf.pdf,4365766
9,CA_CA-CALPERS_CAFR_2014_9.pdf.pdf,14159062
9,CA_CA-CALPERS_CAFR_2015_9.pdf.pdf,4418204
9,CA_CA-CALPERS_CAFR_2016_9.pdf.pdf,3580935
9,CA_CA-CALPERS_CAFR_2017_9.pdf.pdf,8889737
9,CA_CA-CALPERS_CAFR_2018_9.pdf.pdf,3437491
9,CA_CA-CALPERS_CAFR_2019_9.pdf.pdf,7573332
9,CA_CA-CALPERS_CAFR_2020_9.pdf.pdf,7625642
9,CA_CA-CALPERS_CAFR_2021_9.pdf.pdf,42091323
9,CA_CA-CALPERS_CAFR_2022_9.pdf.pdf,13532103
9,CA_CA-CALPERS_AV_2002_9.pdf.pdf,1320840
9,CA_CA-CALPERS_AV_2003_9.pdf.pdf,1618198
9,CA_CA-CALPERS_AV_2004_9.pdf.pdf,1600304
9,CA_CA-CALPERS_AV_2006_9.pdf.pdf,624528
9,CA_CA-CALPERS_AV_2007_9.pdf.pdf,637058
9,CA_CA-CALPERS_AV_2008_9.pdf.pdf,609549
9,CA_CA-CALPERS_AV_2009_9.pdf.pdf,642114
9,CA_CA-CALPERS_AV_2010_9.pdf.pdf,1360178
9,CA_CA-CALPERS_AV_2011_9.pdf.pdf,2519608
9,CA_CA-CALPERS_AV_2012_9.pdf.pdf,1465380
9,CaliforniaPERF_InvPolStmt_2015_9.pdf.pdf,440446
9,CaliforniaPERF_InvPolStmt_2016_9.pdf.pdf,425574
9,CaliforniaPERF_InvPolStmt_2017_9.pdf.pdf,864907
9,CaliforniaPERF_InvPolStmt_2018_9.pdf.pdf,1443415
9,CaliforniaPERF_InvPolStmt_2019_9.pdf.pdf,1983238
9,CaliforniaPERF_InvPolStmt_2021_9.pdf.pdf,1617110
10,CA_CA-CALSTRS_CAFR_2001_10.pdf.pdf,4771984
10,CA_CA-CALSTRS_CAFR_2002_10.pdf.pdf,2020255
10,CA_CA-CALSTRS_CAFR_2003_10.pdf.pdf,15590814
10,CA_CA-CALSTRS_CAFR_2004_10.pdf.pdf,11010708
10,CA_CA-CALSTRS_CAFR_2005_10.pdf.pdf,4624911
10,CA_CA-CALSTRS_CAFR_2006_10.pdf.pdf,4631496
10,CA_CA-CALSTRS_CAFR_2007_10.pdf.pdf,17347764
10,CA_CA-CALSTRS_CAFR_2008_10.pdf.pdf,7805277
10,CA_CA-CALSTRS_CAFR_2009_10.pdf.pdf,1630576
10,CA_CA-CALSTRS_CAFR_2010_10.pdf.pdf,27651797
10,CA_CA-CALSTRS_CAFR_2011_10.pdf.pdf,6453666
10,CA_CA-CALSTRS_CAFR_2012_10.pdf.pdf,3908145
10,CA_CA-CALSTRS_CAFR_2013_10.pdf.pdf,2972380
10,CA_CA-CALSTRS_CAFR_2014_10.pdf.pdf,3653055
10,CA_CA-CALSTRS_CAFR_2015_10.pdf.pdf,6167623
10,CA_CA-CALSTRS_CAFR_2016_10.pdf.pdf,2071387
10,CA_CA-CALSTRS_CAFR_2017_10.pdf.pdf,2684358
10,CA_CA-CALSTRS_CAFR_2018_10.pdf.pdf,6929232
10,CA_CA-CALSTRS_CAFR_2019_10.pdf.pdf,18916381
10,CA_CA-CALSTRS_CAFR_2020_10.pdf.pdf,5733502
10,CA_CA-CALSTRS_CAFR_2021_10.pdf.pdf,10428676
10,CA_CA-CALSTRS_CAFR_2022_10.pdf.pdf,16493610
10,CA_CA-CALSTRS_AV_2001_10.pdf.pdf,1998575
10,CA_CA-CALSTRS_AV_2003_10.pdf.pdf,348521
10,CA_CA-CALSTRS_AV_2004_10.pdf.pdf,259101
10,CA_CA-CALSTRS_AV_2005_10.pdf.pdf,442682
10,CA_CA-CALSTRS_AV_2006_10.pdf.pdf,256557
10,CA_CA-CALSTRS_AV_2007_10.pdf.pdf,265011
10,CA_CA-CALSTRS_AV_2008_10.pdf.pdf,331139
10,CA_CA-CALSTRS_AV_2009_10.pdf.pdf,324168
10,CA_CA-CALSTRS_AV_2010_10.pdf.pdf,598511
10,CA_CA-CALSTRS_AV_2011_10.pdf.pdf,601417
10,CA_CA-CALSTRS_AV_2012_10.pdf.pdf,637991
10,CA_CA-CALSTRS_AV_2013_10.pdf.pdf,681826
10,CA_CA-CALSTRS_AV_2014_10.pdf.pdf,1525266
10,CA_CA-CALSTRS_AV_2015_10.pdf.pdf,790648
10,CA_CA-CALSTRS_AV_2016_10.pdf.pdf,1606654
10,CA_CA-CALSTRS_AV_2016_10_GASB67.pdf.pdf,180269
10,CA_CA-CALSTRS_AV_2017_10.pdf.pdf,835185
10,CA_CA-CALSTRS_AV_2017_10_GASB67.pdf.pdf,184715
10,CA_CA-CALSTRS_AV_2018_10.pdf.pdf,1703541
10,CA_CA-CALSTRS_AV_2018_10_GASB68.pdf.pdf,203122
10,CA_CA-CALSTRS_AV_2019_10.pdf.pdf,596894
10,CA_CA-CALSTRS_AV_2020_10.pdf.pdf,2608804
10,CA_CA-CALSTRS_AV_2021_10.pdf.pdf,1202878
10,CA_CA-CALSTRS_AV_2022_10.pdf.pdf,1235834
10,CALSTRS_InvPolStmt_July2007_10.pdf.pdf,352241
10,CALSTRS_InvPolStmt_June2014_10.pdf.pdf,58847
10,CALSTRS_InvPolStmt_Nov2016_10.pdf.pdf,177567
10,CALSTRS_InvPolStmt_Nov2017_10.pdf.pdf,174180
10,CALSTRS_InvPolStmt_May2018_10.pdf.pdf,4817686
10,CALSTRS_InvPolStmt_Nov2021_10.pdf.pdf,420838
10,CaliforniaPERF_InvPolStmt_2019_9.pdf.pdf,1983238
26,FL_FL-FRS_CAFR_2001_26.pdf.pdf,2637360
26,FL_FL-FRS_CAFR_2002_26.pdf.pdf,1018048
26,FL_FL-FRS_CAFR_2003_26.pdf.pdf,2806634
26,FL_FL-FRS_CAFR_2004_26.pdf.pdf,1130413
26,FL_FL-FRS_CAFR_2005_26.pdf.pdf,1023609
26,FL_FL-FRS_CAFR_2006_26.pdf.pdf,3528989
26,FL_FL-FRS_CAFR_2007_26.pdf.pdf,2774715
26,FL_FL-FRS_CAFR_2008_26.pdf.pdf,6466909
26,FL_FL-FRS_CAFR_2009_26.pdf.pdf,3770499
26,FL_FL-FRS_CAFR_2010_26.pdf.pdf,8446806
26,FL_FL-FRS_CAFR_2011_26.pdf.pdf,5164903
26,FL_FL-FRS_CAFR_2012_26.pdf.pdf,3318264
26,FL_FL-FRS_CAFR_2013_26.pdf.pdf,12745340
26,FL_FL-FRS_CAFR_2014_26.pdf.pdf,6305049
26,FL_FL-FRS_CAFR_2015_26.pdf.pdf,6213077
26,FL_FL-FRS_CAFR_2016_26.pdf.pdf,5427376
26,FL_FL-FRS_CAFR_2017_26.pdf.pdf,3697984
26,FL_FL-FRS_CAFR_2018_26.pdf.pdf,7000347
26,FL_FL-FRS_CAFR_2019_26.pdf.pdf,11746851
26,FL_FL-FRS_CAFR_2020_26.pdf.pdf,18303776
26,FL_FL-FRS_ACFR_2021_26.pdf.pdf,7793032
26,FL_FL-FRS_ACFR_2022_26.pdf.pdf,30065832
26,2004_air.pdf,4510398
26,2005_air.pdf,2326312
26,2006_air.pdf,2902282
26,2007_air.pdf,3386327
26,2008_air.pdf,2683693
26,2009_air.pdf,2064412
26,2010_air.pdf,2742080
26,2011_air.pdf,4343100
26,2012_air.pdf,1868807
26,2013_air.pdf,5967546
26,2014_air.pdf,6524318
26,2015_air.pdf,8805108
26,2016_air.pdf,6019162
26,2017_air.pdf,8786019
26,2018_air.pdf,10237266
26,2019_air.pdf,16527476
26,2020_air.pdf,7693602
26,FloridaRS_InvPolStmt_Aug2003_26.pdf.pdf,415159
26,FloridaRS_InvPolStmt_May2007_26.pdf.pdf,435898
26,FloridaRS_InvPolStmt_Dec2008_26.pdf.pdf,468684
26,FloridaRS_InvPolStmt_Jun2010_26.pdf.pdf,437293
26,FloridaRS_InvPolStmt_June2011_26.pdf.pdf,569037
26,FloridaRS_InvPolStmt_Feb2012_26.pdf.pdf,550574
26,FloridaRS_InvPolStmt_Aug2013_26.pdf.pdf,546915
26,FloridaRS_InvPolStmt_Jul2014_26.pdf.pdf,587283
26,FloridaRS_InvPolStmt_Jan2015_26.pdf.pdf,588219
26,FloridaRS_InvPolStmt_Oct2017_26.pdf.pdf,597779
26,FloridaRS_InvPolStmt_Jun2018_26.pdf.pdf,5149891
78,NY_NY-NYSTRS_CAFR_2001_78.pdf.pdf,1632510
78,NY_NY-NYSTRS_CAFR_2002_78.pdf.pdf,676462
78,NY_NY-NYSTRS_CAFR_2003_78.pdf.pdf,1042219
78,NY_NY-NYSTRS_CAFR_2004_78.pdf.pdf,1608033
78,NY_NY-NYSTRS_CAFR_2005_78.pdf.pdf,3327173
78,NY_NY-NYSTRS_CAFR_2006_78.pdf.pdf,2220389
78,NY_NY-NYSTRS_CAFR_2007_78.pdf.pdf,3066281
78,NY_NY-NYSTRS_CAFR_2008_78.pdf.pdf,2715584
78,NY_NY-NYSTRS_CAFR_2009_78.pdf.pdf,5605704
78,NY_NY-NYSTRS_CAFR_2010_78.pdf.pdf,8058942
78,NY_NY-NYSTRS_CAFR_2011_78.pdf.pdf,2625644
78,NY_NY-NYSTRS_CAFR_2012_78.pdf.pdf,1543279
78,NY_NY-NYSTRS_CAFR_2013_78.pdf.pdf,1470291
78,NY_NY-NYSTRS_CAFR_2014_78.pdf.pdf,1334752
78,NY_NY-NYSTRS_CAFR_2015_78.pdf.pdf,4306247
78,NY_NY-NYSTRS_CAFR_2016_78.pdf.pdf,5117544
78,NY_NY-NYSTRS_CAFR_2017_78.pdf.pdf,5207819
78,NY_NY-NYSTRS_CAFR_2018_78.pdf.pdf,3622649
78,NY_NY-NYSTRS_CAFR_2019_78.pdf.pdf,1911664
78,NY_NY-NYSTRS_CAFR_2020_78.pdf.pdf,2485475
78,NY_NY-NYSTRS_CAFR_2021_78.pdf.pdf,3607885
78,NY_NY-NYSTRS_CAFR_2022_78.pdf.pdf,24375445
78,NY_NY-NYSTRS_AV_2001_78.pdf.pdf,2697975
78,NY_NY-NYSTRS_AV_2002_78.pdf.pdf,2866387
78,NY_NY-NYSTRS_AV_2003_78.pdf.pdf,2650081
78,NY_NY-NYSTRS_AV_2004_78.pdf.pdf,213052
78,NY_NY-NYSTRS_AV_2005_78.pdf.pdf,222517
78,NY_NY-NYSTRS_AV_2006_78.pdf.pdf,222097
78,NY_NY-NYSTRS_AV_2007_78.pdf.pdf,345609
78,NY_NY-NYSTRS_AV_2008_78.pdf.pdf,547318
78,NY_NY-NYSTRS_AV_2009_78.pdf.pdf,4416963
78,NY_NY-NYSTRS_AV_2010_78.pdf.pdf,441102
78,NY_NY-NYSTRS_AV_2011_78.pdf.pdf,409796
78,NY_NY-NYSTRS_AV_2012_78.pdf.pdf,899506
78,NY_NY-NYSTRS_AV_2013_78.pdf.pdf,1571947
78,NY_NY-NYSTRS_AV_2014_78.pdf.pdf,1228800
78,NY_NY-NYSTRS_AV_2014_78_GASB68.pdf.pdf,856329
78,NY_NY-NYSTRS_AV_2015_78.pdf.pdf,481666
78,NY_NY-NYSTRS_AV_2015_78_GASB68.pdf.pdf,761471
78,NY_NY-NYSTRS_AV_2016_78.pdf.pdf,1018351
78,NY_NY-NYSTRS_AV_2016_78_GASB68.pdf.pdf,744286
78,NY_NY-NYSTRS_AV_2017_78.pdf.pdf,1730330
78,NY_NY-NYSTRS_AV_2017_78_GASB68.pdf.pdf,732587
78,NY_NY-NYSTRS_AV_2018_78.pdf.pdf,1350132
78,NY_NY-NYSTRS_AV_2018_78_GASB68.pdf.pdf,810483
78,NY_NY-NYSTRS_AV_2019_78.pdf.pdf,1373837
78,NY_NY-NYSTRS_AV_2019_78_GASB68.pdf.pdf,312840
78,NY_NY-NYSTRS_AV_2020_78.pdf.pdf,1463702
78,NY_NY-NYSTRS_AV_2020_78_GASB68.pdf.pdf,421661
78,NY_NY-NYSTRS_AV_2021_78.pdf.pdf,1431545
78,NY_NY-NYSTRS_AV_2021_78_GASB68.pdf.pdf,425770
78,NY_NY-NYSTRS_AV_2022_78.pdf.pdf,1483841
78,NY_NY-NYSTRS_AV_2022_78_GASB68.pdf.pdf,563098
78,NYStateTRS_InvPolStmt_2006_78.pdf.pdf,638802
78,NYStateTRS_InvPolStmt_2007_78.pdf.pdf,2930094
78,NYStateTRS_InvPolStmt_2008_78.pdf.pdf,2890370
78,NYStateTRS_InvPolStmt_2009_78.pdf.pdf,891173
78,NYStateTRS_InvPolStmt_2010_78.pdf.pdf,994389
78,NYStateTRS_InvPolStmt_2011_78.pdf.pdf,957865
78,NYStateTRS_InvPolStmt_2012_78.pdf.pdf,2217039
78,NYStateTRS_InvPolStmt_2013_78.pdf.pdf,2903589
78,NYStateTRS_InvPolStmt_2014_78.pdf.pdf,1579093
78,NYStateTRS_InvPolStmt_2015_78.pdf.pdf,1574565
78,NYStateTRS_InvPolStmt_2016_78.pdf.pdf,1618107
78,NYStateTRS_InvPolStmt_2017_78.pdf.pdf,4562287
78,NYStateTRS_InvPolStmt_2018_78.pdf.pdf,4447803
78,NYStateTRS_InvPolStmt_2020_78.pdf.pdf,4660055
83,NY_NY-ERS-PFRS_CAFR_2001_83_84.pdf.pdf,1377795
83,NY_NY-ERS-PFRS_CAFR_2002_83_84.pdf.pdf,1475880
83,NY_NY-ERS-PFRS_CAFR_2003_83_84.pdf.pdf,4722356
83,NY_NY-ERS-PFRS_CAFR_2004_83_84.pdf.pdf,1704419
83,NY_NY-ERS-PFRS_CAFR_2005_83_84.pdf.pdf,1338191
83,NY_NY-ERS-PFRS_CAFR_2006_83_84.pdf.pdf,1762725
83,NY_NY-ERS-PFRS_CAFR_2007_83_84.pdf.pdf,1284032
83,NY_NY-ERS-PFRS_CAFR_2008_83_84.pdf.pdf,7035937
83,NY_NY-ERS-PFRS_CAFR_2009_83_84.pdf.pdf,12739748
83,NY_NY-ERS-PFRS_CAFR_2010_83_84.pdf.pdf,4087365
83,NY_NY-ERS-PFRS_CAFR_2011_83_84.pdf.pdf,2811008
83,NY_NY-ERS-PFRS_CAFR_2012_83_84.pdf.pdf,2272601
83,NY_NY-ERS-PFRS_CAFR_2013_83_84.pdf.pdf,2026876
83,NY_NY-ERS-PFRS_CAFR_2014_83_84.pdf.pdf,2066657
83,NY_NY-ERS-PFRS_CAFR_2015_83_84.pdf.pdf,1493093
83,NY_NY-ERS-PFRS_CAFR_2016_83_84.pdf.pdf,1842346
83,NY_NY-ERS-PFRS_CAFR_2017_83_84.pdf.pdf,2598339
83,NY_NY-ERS-PFRS_CAFR_2018_83_84.pdf.pdf,2745422
83,NY_NY-ERS-PFRS_CAFR_2019_83_84.pdf.pdf,1923036
83,NY_NY-ERS-PFRS_CAFR_2020_83_84.pdf.pdf,2166336
83,NY_NY-ERS-PFRS_CAFR_2021_83_84.pdf.pdf,3894375
83,NY_NY-ERS-PFRS_CAFR_2022_83_84.pdf.pdf,2170039
83,NY_NY-ERS-PFRS_AV_2001_83_84.pdf.pdf,1920951
83,NY_NY-ERS-PFRS_AV_2002_83_84.pdf.pdf,7959646
83,NY_NY-ERS-PFRS_AV_2003_83_84.pdf.pdf,3452356
83,NY_NY-ERS-PFRS_AV_2004_83_84.pdf.pdf,2357702
83,NY_NY-ERS-PFRS_AV_2005_83_84.pdf.pdf,2762924
83,NY_NY-ERS-PFRS_AV_2006_83_84.pdf.pdf,1737456
83,NY_NY-ERS-PFRS_AV_2007_83_84.pdf.pdf,1784055
83,NY_NY-ERS-PFRS_AV_2008_83_84.pdf.pdf,1740412
83,NY_NY-ERS-PFRS_AV_2009_83_84.pdf.pdf,1869415
83,NY_NY-ERS-PFRS_AV_2010_83_84.pdf.pdf,2169347
83,NY_NY-ERS-PFRS_AV_2011_83_84.pdf.pdf,2031319
83,NY_NY-ERS-PFRS_AV_2012_83_84.pdf.pdf,1647002
83,NY_NY-ERS-PFRS_AV_2013_83_84.pdf.pdf,2507990
83,NY_NY-ERS-PFRS_AV_2014_83_84.pdf.pdf,142146
83,NY_NY-ERS-PFRS_AV_2015_83_84.pdf.pdf,440690
83,NY_NY-ERS-PFRS_AV_2015_83_84-GASB_67_68.pdf.pdf,2504712
83,NY_NY-ERS-PFRS_AV_2016_83_84.pdf.pdf,318090
83,NY_NY-ERS-PFRS_AV_2016_83_84-GASB_67_68.pdf.pdf,2352174
83,NY_NY-ERS-PFRS_AV_2017_83_84.pdf.pdf,304629
83,NY_NY-ERS-PFRS_AV_2017_83_84-GASB_67_68.pdf.pdf,2837051
83,NY_NY-ERS-PFRS_AV_2018_83_84.pdf.pdf,308424
83,NY_NY-ERS-PFRS_AV_2019_83_84.pdf.pdf,453400
83,NY_NY-ERS-PFRS_AV_2020_83_84.pdf.pdf,446758
83,NY_NY-ERS-PFRS_AV_2021_83_84.pdf.pdf,432923
83,NY_NY-ERS-PFRS_AV_2022_83_84.pdf.pdf,451087
85,OH_OH-OPERS_CAFR_2000_85.pdf.pdf,20423927
85,OH_OH-OPERS_CAFR_2001_85.pdf.pdf,7224306
85,OH_OH-OPERS_CAFR_2002_85.pdf.pdf,6603661
85,OH_OH-OPERS_CAFR_2003_85.pdf.pdf,6368282
85,OH_OH-OPERS_CAFR_2004_85.pdf.pdf,1133165
85,OH_OH-OPERS_CAFR_2005_85.pdf.pdf,6085055
85,OH_OH-OPERS_CAFR_2006_85.pdf.pdf,31424138
85,OH_OH-OPERS_CAFR_2007_85.pdf.pdf,4514890
85,OH_OH-OPERS_CAFR_2008_85.pdf.pdf,3702887
85,OH_OH-OPERS_CAFR_2009_85.pdf.pdf,25871874
85,OH_OH-OPERS_CAFR_2010_85.pdf.pdf,12111113
85,OH_OH-OPERS_CAFR_2011_85.pdf.pdf,6335870
85,OH_OH-OPERS_CAFR_2012_85.pdf.pdf,4468395
85,OH_OH-OPERS_CAFR_2013_85.pdf.pdf,25372067
85,OH_OH-OPERS_CAFR_2014_85.pdf.pdf,18322321
85,OH_OH-OPERS_CAFR_2015_85.pdf.pdf,9663477
85,OH_OH-OPERS_CAFR_2016_85.pdf.pdf,4484793
85,OH_OH-OPERS_CAFR_2017_85.pdf.pdf,5556934
85,OH_OH-OPERS_CAFR_2018_85.pdf.pdf,13557092
85,OH_OH-OPERS_CAFR_2019_85.pdf,7666295
85,OH_OH-OPERS_CAFR_2020_85.pdf.pdf,7201981
85,OH_OH-OPERS_CAFR_2021_85.pdf.pdf,50787116
85,OH_OH-OPERS_CAFR_2022_85.pdf.pdf,10223184
85,OH_OH-OPERS_AV_2008_85.pdf.pdf,666742
85,OH_OH-OPERS_AV_2010_85.pdf.pdf,658107
85,OH_OH-OPERS_AV_2011_85.pdf.pdf,685640
85,OH_OH-OPERS_AV_2012_85.pdf.pdf,1369189
85,OH_OH-OPERS_AV_2013_85.pdf.pdf,896664
85,OH_OH-OPERS_AV_2014_85_GASB68.pdf.pdf,2289815
85,OH_OH-OPERS_AV_2015_85.pdf.pdf,982927
85,OH_OH-OPERS_AV_2015_85_GASB68.pdf.pdf,3699064
85,OH_OH-OPERS_AV_2016_85.pdf.pdf,1483582
85,OH_OH-OPERS_AV_2016_85_GASB68.PDF.pdf,1008749
85,OH_OH-OPERS_AV_2017_85.pdf.pdf,1560680
85,OH_OH-OPERS_AV_2017_85_GASB68.pdf.pdf,4780246
85,OH_OH-OPERS_AV_2018_85.pdf.pdf,1940445
85,OH_OH-OPERS_AV_2018_85_GASB68.pdf.pdf,3308727
85,OH_OH-OPERS_AV_2019_85.pdf.pdf,1491478
85,OH_OH-OPERS_AV_2020_85.pdf.pdf,1286184
85,OH_OH-OPERS_AV_2021_85.pdf.pdf,1478418
85,OH_OH-OPERS_AV_2022_85.pdf.pdf,1327731
85,OhioPERS_InvPolStmt_September2006_85.pdf.pdf,101542
85,OhioPERS_InvPolStmt_November2009_85.pdf.pdf,243259
85,OhioPERS_InvPolStmt_December2010_85.pdf.pdf,202004
85,OhioPERS_InvPolStmt_January2012_85.pdf.pdf,260704
85,OhioPERS_InvPolStmt_2013_85.pdf.pdf,293817
85,OhioPERS_InvPolStmt_February2014_85.pdf.pdf,280394
85,OhioPERS_InvPolStmt_February2015_85.pdf.pdf,283732
85,OhioPERS_InvPolStmt_January2016_85.pdf.pdf,282082
85,OhioPERS_InvPolStmt_February2017_85.pdf.pdf,282300
85,OhioPERS_InvPolStmt_March2018_85.pdf.pdf,285770
108,TX_TX-TRS_CAFR_2001_108.pdf.pdf,3132470
108,TX_TX-TRS_CAFR_2002_108.pdf.pdf,1684617
108,TX_TX-TRS_CAFR_2003_108.pdf.pdf,5965672
108,TX_TX-TRS_CAFR_2004_108.pdf.pdf,35299299
108,TX_TX-TRS_CAFR_2005_108.pdf.pdf,5727236
108,TX_TX-TRS_CAFR_2006_108.pdf.pdf,2700646
108,TX_TX-TRS_CAFR_2007_108.pdf.pdf,2243351
108,TX_TX-TRS_CAFR_2008_108.pdf.pdf,47352735
108,TX_TX-TRS_CAFR_2009_108.pdf.pdf,5530067
108,TX_TX-TRS_CAFR_2010_108.pdf.pdf,6192379
108,TX_TX-TRS_CAFR_2011_108.pdf.pdf,5076831
108,TX_TX-TRS_CAFR_2012_108.pdf.pdf,4790340
108,TX_TX-TRS_CAFR_2013_108.pdf.pdf,5658983
108,TX_TX-TRS_CAFR_2014_108.pdf.pdf,12264923
108,TX_TX-TRS_CAFR_2015_108.pdf.pdf,17641464
108,TX_TX-TRS_CAFR_2016_108.pdf.pdf,6982307
108,TX_TX-TRS_CAFR_2017_108.pdf.pdf,79697075
108,TX_TX-TRS_CAFR_2018_108.pdf.pdf,11934642
108,TX_TX-TRS_CAFR_2019_108.pdf.pdf,6556730
108,TX_TX-TRS_CAFR_2020_108.pdf.pdf,24740355
108,TX_TX-TRS_CAFR_2021_108.pdf.pdf,7242481
108,TX_TX-TRS_CAFR_2022_108.pdf.pdf,5714596
108,TX_TX-TRS_AV_2003_108.pdf.pdf,2258022
108,TX_TX-TRS_AV_2004_108.pdf.pdf,2362706
108,TX_TX-TRS_AV_2005_108.pdf.pdf,7077810
108,TX_TX-TRS_AV_2006_108.pdf.pdf,392822
108,TX_TX-TRS_AV_2007_108.pdf.pdf,520696
108,TX_TX-TRS_AV_2008_108.pdf.pdf,436683
108,TX_TX-TRS_AV_2009_108.pdf.pdf,677900
108,TX_TX-TRS_AV_2010_108.pdf.pdf,10296569
108,TX_TX-TRS_AV_2011_108.pdf.pdf,764756
108,TX_TX-TRS_AV_2012_108.pdf.pdf,716251
108,TX_TX-TRS_AV_2013_108.pdf.pdf,754296
108,TX_TX-TRS_AV_2014_108.pdf.pdf,818813
108,TX_TX-TRS_AV_2014_108_GASB67.pdf.pdf,329301
108,TX_TX-TRS_AV_2015_108.pdf.pdf,513968
108,TX_TX-TRS_AV_2016_108.pdf.pdf,778119
108,TX_TX-TRS_AV_2017_108.pdf.pdf,1102552
108,TX_TX-TRS_AV_2018_108.pdf.pdf,997466
108,TX_TX-TRS_AV_2019_108.pdf.pdf,1078962
108,TX_TX-TRS_AV_2020_108.pdf.pdf,1247531
108,TX_TX-TRS_AV_2021_108.pdf.pdf,719766
108,TX_TX-TRS_AV_2021_108_GASB67.pdf.pdf,332680
108,TX_TX-TRS_AV_2022_108.pdf.pdf,839530
108,TX_TRS_InvPolStmt_2014_108.pdf.pdf,604709
108,TX_TRS_InvPolStmt_2016_108.pdf.pdf,719789
108,TX_TRS_InvPolStmt_2018_108.pdf.pdf,741977
108,TX_TRS_InvPolStmt_2021_108.pdf.pdf,580195
125,WI_WI-ETF_CAFR_2001_125.pdf.pdf,8307697
125,WI_WI-ETF_CAFR_2002_125.pdf.pdf,1033256
125,WI_WI-ETF_CAFR_2003_125.pdf.pdf,2086885
125,WI_WI-ETF_CAFR_2004_125.pdf.pdf,7467845
125,WI_WI-ETF_CAFR_2005_125.pdf.pdf,6188137
125,WI_WI-ETF_CAFR_2006_125.pdf.pdf,6992213
125,WI_WI-ETF_CAFR_2007_125.pdf.pdf,17612061
125,WI_WI-ETF_CAFR_2008_125.pdf.pdf,7225711
125,WI_WI-ETF_CAFR_2009_125.pdf.pdf,7648410
125,WI_WI-ETF_CAFR_2010_125.pdf.pdf,5738510
125,WI_WI-ETF_CAFR_2011-125.pdf.pdf,5299277
125,WI_WI-ETF_CAFR_2012_125.pdf.pdf,8245376
125,WI_WI-ETF_CAFR_2013_125.pdf.pdf,17525346
125,WI_WI-ETF_CAFR_2014_125.pdf.pdf,10451942
125,WI_WI-ETF_CAFR_2015_125.pdf.pdf,4237152
125,WI_WI-ETF_CAFR_2016_125.pdf.pdf,3273134
125,WI_WI-ETF_CAFR_2017_125.pdf.pdf,2824125
125,WI_WI-ETF_CAFR_2018_125.pdf.pdf,13120784
125,WI_WI-ETF_CAFR_2019_125.pdf.pdf,13692688
125,WI_WI-ETF_CAFR_2020_125.pdf.pdf,21214790
125,WI_WI-ETF_CAFR_2021_125.pdf.pdf,6999023
125,WI_WI-ETF_AV_2001_125.pdf.pdf,1292076
125,WI_WI-ETF_AV_2002_125.pdf.pdf,387685
125,WI_WI-ETF_AV_2003_125.pdf.pdf,330427
125,WI_WI-ETF_AV_2004_125.pdf.pdf,309404
125,WI_WI-ETF_AV_2005_125.pdf.pdf,559401
125,WI_WI-ETF_AV_2006_125.pdf.pdf,467556
125,WI_WI-ETF_AV_2007_125.pdf.pdf,477904
125,WI_WI-ETF_AV_2008_125.pdf.pdf,728887
125,WI_WI-ETF_AV_2009_125.pdf.pdf,721067
125,WI_WI-ETF_AV_2010_125.pdf.pdf,721362
125,WI_WI-ETF_AV_2011_125.pdf.pdf,1026467
125,WI_WI-ETF_AV_2012_125.pdf.pdf,741672
125,WI_WI-ETF_AV_2013_125.pdf.pdf,846425
125,WI_WI-ETF_AV_2014_125.pdf.pdf,809977
125,WI_WI-ETF_AV_2015_125.pdf.pdf,860717
125,WI_WI-ETF_AV_2016_125.pdf.pdf,814078
125,WI_WI-ETF_AV_2017_125.pdf.pdf,935366
125,WI_WI-ETF_AV_2018_125.pdf.pdf,1261842
125,WI_WI-ETF_AV_2019_125.pdf.pdf,926850
125,WI_WI-ETF_AV_2020_125.pdf.pdf,2112720
125,WI_WI-ETF_AV_2021_125.pdf.pdf,1269741
125,WI_WI-ETF_AV_2022_125.pdf.pdf,1186290
125,Wisconsin_InvPolStmt_2017_125.pdf.pdf,437620
125,Wisconsin_InvPolStmt_2018_125.pdf.pdf,926412
26,FL_FL-FRS_AV_2001_26.pdf.pdf,1936316
26,FL_FL-FRS_AV_2002_26.PDF.pdf,560253
26,FL_FL-FRS_AV_2003_26.pdf.pdf,788490
26,FL_FL-FRS_AV_2004_26.pdf.pdf,1394823
26,FL_FL-FRS_AV_2005_26.pdf.pdf,2201487
26,FL_FL-FRS_AV_2006_26.pdf.pdf,583769
26,FL_FL-FRS_AV_2007_26.pdf.pdf,608583
26,FL_FL-FRS_AV_2008_26.pdf.pdf,71223749
26,FL_FL-FRS_AV_2009_26.pdf.pdf,623410
26,FL_FL-FRS_AV_2010_26.pdf.pdf,571318
26,FL_FL-FRS_AV_2011_26.pdf.pdf,1190678
26,FL_FL-FRS_AV_2012_26.pdf.pdf,3349715
26,FL_FL-FRS_AV_2013_26.pdf.pdf,799843
26,FL_FL-FRS_AV_2014_26.pdf.pdf,1051398
26,FL_FL-FRS_AV_2014_26_GASB67.pdf.pdf,87016
26,FL_FL-FRS_AV_2015_26.pdf.pdf,1188470
26,FL_FL-FRS_AV_2015_26_GASB67.pdf.pdf,139038
26,FL_FL-FRS_AV_2016_26.pdf.pdf,820327
26,FL_FL-FRS_AV_2016_26_GASB67.pdf.pdf,202237
26,FL_FL-FRS_AV_2017_26.pdf.pdf,1151259
26,FL_FL-FRS_AV_2017_26_GASB67.pdf.pdf,342730
26,FL_FL-FRS_AV_2018_26.pdf.pdf,1165884
26,FL_FL-FRS_AV_2018_26_GASB67.pdf.pdf,360878
26,FL_FL-FRS_AV_2019_26.pdf.pdf,951434
26,FL_FL-FRS_AV_2019_26_GASB67.pdf.pdf,351747
26,FL_FL-FRS_AV_2020_26.pdf.pdf,1853047
26,FL_FL-FRS_AV_2020_26_GASB67.pdf.pdf,428173
26,FL_FL-FRS_AV_2021_26.pdf.pdf,977743
26,FL_FL-FRS_AV_2021_26_GASB67.pdf.pdf,192093
26,FL_FL-FRS_AV_2022_26.pdf.pdf,1297752
26,FL_FL-FRS_AV_2022_26_GASB67.pdf.pdf,193434
